"","beta","delta","ductal","macrophage","activated_stellate","quiescent_stellate"
"AAACGAGACGGTTGAT-1",0.25,0.0833333333333333,0.416666666666667,0,0.0833333333333333,0.166666666666667
"AAACTGCTGGCTCCAA-1",0.583333333333333,0.166666666666667,0.25,0,0,0
"AAAGGGATGTAGCAAG-1",0.25,0,0.583333333333333,0.0833333333333333,0,0.0833333333333333
"AAAGTGTGATTTATCT-1",0.5,0.166666666666667,0.166666666666667,0,0.166666666666667,0
"AAAGTTGACTCCCGTA-1",0.416666666666667,0.166666666666667,0.25,0,0.166666666666667,0
"AAATACCTATAAGCAT-1",0.5,0.333333333333333,0.166666666666667,0,0,0
"AAATAGGGTGCTATTG-1",0.583333333333333,0,0.25,0.0833333333333333,0.0833333333333333,0
"AAATGGTCAATGTGCC-1",0.5,0,0.416666666666667,0,0,0.0833333333333333
"AAATTAACGGGTAGCT-1",0.5,0.0833333333333333,0.333333333333333,0,0,0.0833333333333333
"AAATTACCTATCGATG-1",0.5,0,0.333333333333333,0,0.166666666666667,0
"AACCCTACTGTCAATA-1",0.583333333333333,0,0.25,0,0.0833333333333333,0.0833333333333333
"AACCGAGCTTGGTCAT-1",0.583333333333333,0.0833333333333333,0.25,0,0.0833333333333333,0
"AACCTTTAAATACGGT-1",0.666666666666667,0,0.0833333333333333,0,0.0833333333333333,0.166666666666667
"AACGATAATGCCGTAG-1",0.333333333333333,0.166666666666667,0.416666666666667,0.0833333333333333,0,0
"AACGATATGTCAACTG-1",0.5,0,0.416666666666667,0,0,0.0833333333333333
"AACGCGGTCTCCAGCC-1",0.5,0.0833333333333333,0.416666666666667,0,0,0
"AACGTGCGAAAGTCTC-1",0.5,0,0.333333333333333,0,0.0833333333333333,0.0833333333333333
"AACTCTCAATAGAGCG-1",0.5,0.166666666666667,0.166666666666667,0,0.0833333333333333,0.0833333333333333
"AAGACTGCAAGCTACT-1",0.5,0,0.5,0,0,0
"AAGAGCTCTTTATCGG-1",0.833333333333333,0,0.166666666666667,0,0,0
"AAGAGGCATGGATCGC-1",0.666666666666667,0.0833333333333333,0.166666666666667,0,0,0.0833333333333333
"AAGATTGGCGGAACGT-1",0.583333333333333,0.0833333333333333,0.333333333333333,0,0,0
"AAGCACCCTGCGTATC-1",0.583333333333333,0.0833333333333333,0.333333333333333,0,0,0
"AAGCATACTCTCCTGA-1",0.5,0.166666666666667,0.25,0,0,0.0833333333333333
"AAGCTAGATCGAGTAA-1",0.5,0.166666666666667,0.166666666666667,0,0.166666666666667,0
"AAGCTCGTGCCAAGTC-1",0.416666666666667,0.166666666666667,0.333333333333333,0.0833333333333333,0,0
"AAGCTCTTTCATGGTG-1",0.666666666666667,0,0.25,0,0.0833333333333333,0
"AAGGATGAGGGACCTC-1",0.333333333333333,0.0833333333333333,0.333333333333333,0,0.0833333333333333,0.166666666666667
"AAGGGACAGATTCTGT-1",0.333333333333333,0,0.583333333333333,0,0,0.0833333333333333
"AAGGTATCCTAATATA-1",0.666666666666667,0,0.0833333333333333,0.0833333333333333,0.0833333333333333,0.0833333333333333
"AAGGTGATAAACCAGC-1",0.666666666666667,0.0833333333333333,0.166666666666667,0,0,0.0833333333333333
"AAGTGTTTGGAGACGG-1",0.416666666666667,0.0833333333333333,0.333333333333333,0,0.0833333333333333,0.0833333333333333
"AATAGAATCTGTTTCA-1",0.583333333333333,0.166666666666667,0.166666666666667,0,0.0833333333333333,0
"AATCGCCTCAGCGCCA-1",0.583333333333333,0,0.333333333333333,0,0,0.0833333333333333
"AATCTGCGTTGGGACG-1",0.5,0.25,0,0,0.0833333333333333,0.166666666666667
"AATGCAACCGGGTACC-1",0.75,0,0.0833333333333333,0,0.0833333333333333,0.0833333333333333
"AATTAAAGGTCGGCGT-1",0.833333333333333,0,0.0833333333333333,0,0.0833333333333333,0
"AATTAACGGATTTCCA-1",0.5,0.0833333333333333,0.416666666666667,0,0,0
"AATTAGCGCTGCAGCG-1",0.5,0.166666666666667,0.166666666666667,0,0.166666666666667,0
"AATTCTAGAGTTAGGC-1",0.666666666666667,0.0833333333333333,0.25,0,0,0
"ACAAATCGCACCGAAT-1",0.583333333333333,0.166666666666667,0.166666666666667,0,0.0833333333333333,0
"ACAAATGGTAGTGTTT-1",0.583333333333333,0.0833333333333333,0.0833333333333333,0.0833333333333333,0.166666666666667,0
"ACAACAGCATGAGCTA-1",0.416666666666667,0.416666666666667,0,0,0.0833333333333333,0.0833333333333333
"ACAAGGAAATCCGCCC-1",0.583333333333333,0.166666666666667,0.166666666666667,0,0.0833333333333333,0
"ACAAGGGCAGGCTCTG-1",0.666666666666667,0,0.25,0,0,0.0833333333333333
"ACAATTTGAGCAGTGG-1",0.583333333333333,0.25,0.166666666666667,0,0,0
"ACACAAAGACGGGTGG-1",0.333333333333333,0.166666666666667,0.5,0,0,0
"ACACACCAGGACCAGT-1",0.583333333333333,0.166666666666667,0.166666666666667,0,0,0.0833333333333333
"ACACCCAGCATGCAGC-1",0.5,0.166666666666667,0.333333333333333,0,0,0
"ACACGAGACTCCTTCT-1",0.666666666666667,0,0.0833333333333333,0,0.25,0
"ACACGGGAACTTAGGG-1",0.583333333333333,0.25,0.0833333333333333,0,0,0.0833333333333333
"ACAGGCTTGCCCGACT-1",0.583333333333333,0,0.25,0,0,0.166666666666667
"ACATAATAAGGCGGTG-1",0.416666666666667,0.0833333333333333,0.166666666666667,0,0.166666666666667,0.166666666666667
"ACATCGATCGTTTACC-1",0.416666666666667,0.0833333333333333,0.416666666666667,0,0.0833333333333333,0
"ACATTAGTTTATATCC-1",0.25,0.333333333333333,0.333333333333333,0,0,0.0833333333333333
"ACCAATATGCAAGTTA-1",0.583333333333333,0.25,0.166666666666667,0,0,0
"ACCACAAGTTTCTATC-1",0.583333333333333,0,0.416666666666667,0,0,0
"ACCACGTGCAGCTATA-1",0.5,0.0833333333333333,0.0833333333333333,0,0.166666666666667,0.166666666666667
"ACCATATCCGCAATAA-1",0.416666666666667,0.0833333333333333,0.333333333333333,0,0.0833333333333333,0.0833333333333333
"ACCCAACGCCCGTGGC-1",0.75,0.166666666666667,0,0.0833333333333333,0,0
"ACCCGGAAACTCCCAG-1",0.666666666666667,0.0833333333333333,0.0833333333333333,0,0.0833333333333333,0.0833333333333333
"ACCCGGATGACGCATC-1",0.75,0.0833333333333333,0.0833333333333333,0,0.0833333333333333,0
"ACCCTCCCTTGCTATT-1",0.5,0.0833333333333333,0.333333333333333,0,0.0833333333333333,0
"ACCGACACATCTCCCA-1",0.25,0,0.583333333333333,0,0.0833333333333333,0.0833333333333333
"ACCGACTGAGTCCCAC-1",0.666666666666667,0.166666666666667,0.166666666666667,0,0,0
"ACCGATGGTAGCATCG-1",0.583333333333333,0,0.25,0.0833333333333333,0,0.0833333333333333
"ACCGCAATAACTGCCT-1",0.333333333333333,0.0833333333333333,0.5,0,0,0.0833333333333333
"ACGATACATAGAACTA-1",0.666666666666667,0.0833333333333333,0.0833333333333333,0,0.0833333333333333,0.0833333333333333
"ACGATCATACATAGAG-1",0.416666666666667,0.166666666666667,0.25,0,0.0833333333333333,0.0833333333333333
"ACGATCATCTTGTAAA-1",0.666666666666667,0,0.166666666666667,0,0,0.166666666666667
"ACGCATTCGTGAGTAC-1",0.416666666666667,0.0833333333333333,0.25,0.0833333333333333,0.166666666666667,0
"ACGCCGCTAGACGACC-1",0.666666666666667,0.166666666666667,0,0,0.166666666666667,0
"ACGCGAAGTCAGACGA-1",0.583333333333333,0.0833333333333333,0.25,0.0833333333333333,0,0
"ACGCGGGCCAAGGACA-1",0.5,0.0833333333333333,0.166666666666667,0,0.166666666666667,0.0833333333333333
"ACGCTAGTGATACACT-1",0.666666666666667,0.166666666666667,0.166666666666667,0,0,0
"ACGGATGGTGCGGATA-1",0.5,0.0833333333333333,0.25,0,0.0833333333333333,0.0833333333333333
"ACGGCGACGATGGGAA-1",0.416666666666667,0.166666666666667,0.333333333333333,0,0,0.0833333333333333
"ACGTAGATTGCTGATG-1",0.416666666666667,0,0.25,0,0.166666666666667,0.166666666666667
"ACGTATTACTCCGATC-1",0.666666666666667,0.0833333333333333,0.25,0,0,0
"ACGTTAATGTCGAAGA-1",0.333333333333333,0.166666666666667,0.333333333333333,0,0.166666666666667,0
"ACTCAATAAAGGCACG-1",0.5,0.166666666666667,0.166666666666667,0,0.166666666666667,0
"ACTCCCGAATTCGTTT-1",0.5,0.166666666666667,0.25,0,0,0.0833333333333333
"ACTCCCTAATGCTAAA-1",0.666666666666667,0.25,0.0833333333333333,0,0,0
"ACTCCCTAGAATAGTA-1",0.5,0,0.25,0.0833333333333333,0.0833333333333333,0.0833333333333333
"ACTCGTCAGTAATCCC-1",0.416666666666667,0.333333333333333,0.166666666666667,0,0.0833333333333333,0
"ACTCTCTGACTTAGGT-1",0.416666666666667,0.166666666666667,0.416666666666667,0,0,0
"ACTCTTGTATAGTAAC-1",0.416666666666667,0.0833333333333333,0.333333333333333,0,0.166666666666667,0
"ACTGAATGGCGAAAGT-1",0.416666666666667,0,0.416666666666667,0,0.0833333333333333,0.0833333333333333
"ACTGTACGATACACAT-1",0.416666666666667,0.25,0.25,0,0.0833333333333333,0
"ACTGTCCAGGATTATA-1",0.333333333333333,0,0.5,0,0.166666666666667,0
"ACTGTCTTCTTTAGAA-1",0.5,0.0833333333333333,0.25,0,0.166666666666667,0
"ACTTACGCATCCACGC-1",0.333333333333333,0.25,0.333333333333333,0,0,0.0833333333333333
"ACTTATACTTACCCGG-1",0.333333333333333,0.333333333333333,0.333333333333333,0,0,0
"ACTTATTAGGATCGGT-1",0.5,0.0833333333333333,0.333333333333333,0,0.0833333333333333,0
"ACTTCAGGCTGATCCC-1",0.25,0.0833333333333333,0.333333333333333,0,0.333333333333333,0
"ACTTCGCCATACGCAC-1",0.25,0.0833333333333333,0.583333333333333,0,0.0833333333333333,0
"ACTTGACTCCCTCTTT-1",0.416666666666667,0.0833333333333333,0.333333333333333,0,0.166666666666667,0
"ACTTGGGACCCGGTGG-1",0.416666666666667,0.0833333333333333,0.166666666666667,0,0.25,0.0833333333333333
"ACTTTCCTATAGCTTC-1",0.333333333333333,0,0.583333333333333,0,0,0.0833333333333333
"AGAACGTGGTACATTC-1",0.583333333333333,0,0.25,0,0.0833333333333333,0.0833333333333333
"AGAAGAGCGCCGTTCC-1",0.666666666666667,0,0.166666666666667,0,0.0833333333333333,0.0833333333333333
"AGAATTATGGATTCGA-1",0.416666666666667,0.0833333333333333,0.166666666666667,0,0.333333333333333,0
"AGACCCACCGCTGATC-1",0.583333333333333,0.0833333333333333,0.25,0,0.0833333333333333,0
"AGACCCGCCCTCCTCG-1",0.583333333333333,0,0.333333333333333,0,0.0833333333333333,0
"AGAGAACCGTCTAGGA-1",0.583333333333333,0.0833333333333333,0.333333333333333,0,0,0
"AGATCTCAGGTGTGAT-1",0.416666666666667,0.0833333333333333,0.333333333333333,0,0.166666666666667,0
"AGATGACTCGCCCACG-1",0.333333333333333,0.25,0.333333333333333,0,0,0.0833333333333333
"AGATTATAGGACGTTT-1",0.75,0,0.166666666666667,0,0.0833333333333333,0
"AGCAAAGGCCGCTAGT-1",0.583333333333333,0.166666666666667,0.166666666666667,0,0.0833333333333333,0
"AGCAACATATCTTATT-1",0.5,0.0833333333333333,0.25,0,0.166666666666667,0
"AGCACCAGTACTCACG-1",0.166666666666667,0.166666666666667,0.5,0,0.0833333333333333,0.0833333333333333
"AGCACTACCTCACCAG-1",0.416666666666667,0.0833333333333333,0.333333333333333,0,0.166666666666667,0
"AGCATCGTCGATAATT-1",0.5,0.0833333333333333,0.416666666666667,0,0,0
"AGCCACTCCCGTGCTT-1",0.583333333333333,0,0.333333333333333,0,0,0.0833333333333333
"AGCGACCAACGATATT-1",0.333333333333333,0.166666666666667,0.416666666666667,0,0,0.0833333333333333
"AGCGTGGTATTCTACT-1",0.666666666666667,0,0.166666666666667,0.0833333333333333,0,0.0833333333333333
"AGCTCCTTCGCACATC-1",0.5,0.166666666666667,0.25,0,0.0833333333333333,0
"AGCTCTAGACGTTCCA-1",0.833333333333333,0.0833333333333333,0.0833333333333333,0,0,0
"AGGAAGCTGTCCGCCG-1",0.25,0.25,0.416666666666667,0,0,0.0833333333333333
"AGGACAGTCGAATCCC-1",0.583333333333333,0.0833333333333333,0.25,0,0.0833333333333333,0
"AGGATAAAGTCGGGAT-1",0.5,0.0833333333333333,0.166666666666667,0,0.166666666666667,0.0833333333333333
"AGGCAGATGCGTAAAC-1",0.75,0.0833333333333333,0,0,0.166666666666667,0
"AGGGCTGCAGTTACAG-1",0.666666666666667,0,0.166666666666667,0,0,0.166666666666667
"AGGGTCGATGCGAACT-1",0.5,0,0.416666666666667,0,0.0833333333333333,0
"AGGGTGCTCTCGAGGG-1",0.5,0.166666666666667,0.166666666666667,0,0.0833333333333333,0.0833333333333333
"AGGGTTCCCTTTGGTT-1",0.333333333333333,0.0833333333333333,0.333333333333333,0,0.0833333333333333,0.166666666666667
"AGGGTTTAGTTCGGGA-1",0.333333333333333,0,0.5,0,0.166666666666667,0
"AGGTTGAGGCACGCTT-1",0.666666666666667,0,0.166666666666667,0,0.166666666666667,0
"AGGTTTCACACACCTT-1",0.583333333333333,0.0833333333333333,0.166666666666667,0,0.0833333333333333,0.0833333333333333
"AGTACGGGCACCTGGC-1",0.5,0.166666666666667,0.25,0,0.0833333333333333,0
"AGTCCATTGGCTGATG-1",0.416666666666667,0.166666666666667,0.416666666666667,0,0,0
"AGTCGACGGTCTCAAG-1",0.666666666666667,0.0833333333333333,0.166666666666667,0,0.0833333333333333,0
"AGTCTTCTCCTCAAAT-1",0.416666666666667,0.25,0.25,0,0.0833333333333333,0
"AGTGAGACTTCCAGTA-1",0.333333333333333,0.416666666666667,0.25,0,0,0
"AGTGATTCAAGCAGGA-1",0.25,0.0833333333333333,0.5,0,0.166666666666667,0
"AGTGCTTGCACGAATA-1",0.583333333333333,0.0833333333333333,0.25,0,0,0.0833333333333333
"AGTTCCTACAGAATTA-1",0.416666666666667,0.166666666666667,0.25,0,0.166666666666667,0
"AGTTCCTATTTATGTT-1",0.666666666666667,0,0.166666666666667,0.0833333333333333,0.0833333333333333,0
"AGTTTGCACCTGCCTC-1",0.583333333333333,0.25,0.166666666666667,0,0,0
"ATAAACGGACCCGTAA-1",0.583333333333333,0.0833333333333333,0.166666666666667,0,0,0.166666666666667
"ATAAAGGCTCGGTCGT-1",0.416666666666667,0.0833333333333333,0.333333333333333,0,0,0.166666666666667
"ATAACGCCGGAGGGTC-1",0.5,0.166666666666667,0.333333333333333,0,0,0
"ATAACGGAGTCCAACG-1",0.416666666666667,0.25,0.25,0,0.0833333333333333,0
"ATAAGGTGGAGAACAT-1",0.5,0.25,0.166666666666667,0,0.0833333333333333,0
"ATAATAGCTGTTGAAT-1",0.333333333333333,0.0833333333333333,0.25,0,0.0833333333333333,0.25
"ATACAGGCCCTCCAAT-1",0.5,0.166666666666667,0.333333333333333,0,0,0
"ATACCTAACCAAGAAA-1",0.5,0,0.416666666666667,0,0.0833333333333333,0
"ATACGCCGGCGAAACC-1",0.416666666666667,0,0.5,0,0.0833333333333333,0
"ATACGTACTTAGCCAC-1",0.666666666666667,0,0.166666666666667,0,0.0833333333333333,0.0833333333333333
"ATACTAGCATGACCCT-1",0.666666666666667,0,0.25,0,0.0833333333333333,0
"ATAGACAACGGGACCT-1",0.5,0,0.333333333333333,0,0.166666666666667,0
"ATAGAGTTATCAACTT-1",0.5,0.0833333333333333,0.333333333333333,0.0833333333333333,0,0
"ATAGGGATATCCTTGA-1",0.75,0.0833333333333333,0.166666666666667,0,0,0
"ATAGGTTGGGCAGATG-1",0.25,0.0833333333333333,0.333333333333333,0,0.333333333333333,0
"ATAGTTCCACCCACTC-1",0.75,0,0.25,0,0,0
"ATATAAAGCGCTCGTG-1",0.75,0.0833333333333333,0.166666666666667,0,0,0
"ATATAAATGTAGCTGC-1",0.583333333333333,0.0833333333333333,0.25,0,0.0833333333333333,0
"ATATCTTAGGGCCTTC-1",0.583333333333333,0.25,0.0833333333333333,0,0.0833333333333333,0
"ATATGTCTCCCTAGCC-1",0.583333333333333,0,0.166666666666667,0.0833333333333333,0.166666666666667,0
"ATATTCCACATAGTGA-1",0.5,0.25,0.25,0,0,0
"ATATTTAACCCTCAAG-1",0.666666666666667,0.0833333333333333,0.166666666666667,0,0,0.0833333333333333
"ATCAATCTGGGCTGCA-1",0.583333333333333,0.0833333333333333,0.25,0.0833333333333333,0,0
"ATCACTTCATCCTCGC-1",0.75,0.0833333333333333,0.166666666666667,0,0,0
"ATCATCCAATATTTGT-1",0.25,0.333333333333333,0.333333333333333,0,0,0.0833333333333333
"ATCGACCCAATACAGA-1",0.666666666666667,0,0.25,0,0,0.0833333333333333
"ATCGACTCTTTCCGTT-1",0.583333333333333,0.0833333333333333,0.0833333333333333,0.166666666666667,0.0833333333333333,0
"ATCGCACGCCGGGAGA-1",0.666666666666667,0.0833333333333333,0.0833333333333333,0,0.166666666666667,0
"ATCGGAGACAGACGGC-1",0.583333333333333,0.166666666666667,0.25,0,0,0
"ATCTAATATCCTACGG-1",0.583333333333333,0.0833333333333333,0.25,0,0.0833333333333333,0
"ATCTGCACCTCTGCGA-1",0.5,0.166666666666667,0.333333333333333,0,0,0
"ATCTGGGCTGTTCTTG-1",0.5,0.166666666666667,0.166666666666667,0,0.166666666666667,0
"ATCTGGTTAAGACTGT-1",0.916666666666667,0,0.0833333333333333,0,0,0
"ATGACTATGCGACATT-1",0.666666666666667,0.166666666666667,0.0833333333333333,0,0,0.0833333333333333
"ATGCATGATCCAGGAT-1",0.583333333333333,0.166666666666667,0.25,0,0,0
"ATGCCATTTGCGACCA-1",0.5,0.166666666666667,0.25,0,0.0833333333333333,0
"ATGCCGGTCTTGCATA-1",0.583333333333333,0.0833333333333333,0.25,0,0.0833333333333333,0
"ATGCGACAGTCCCATT-1",0.5,0,0.333333333333333,0,0.166666666666667,0
"ATGGAGCAGGCCGTGA-1",0.333333333333333,0.166666666666667,0.166666666666667,0,0.166666666666667,0.166666666666667
"ATGGATTGACCAAACG-1",0.583333333333333,0.25,0.166666666666667,0,0,0
"ATGGGCCTCGGCCTCT-1",0.666666666666667,0.166666666666667,0.0833333333333333,0,0,0.0833333333333333
"ATGTGCATCCGACGCA-1",0.333333333333333,0,0.583333333333333,0,0.0833333333333333,0
"ATGTGGACATCTTGAT-1",0.583333333333333,0.0833333333333333,0.333333333333333,0,0,0
"ATTAAACATGCGGACC-1",0.583333333333333,0,0.333333333333333,0,0.0833333333333333,0
"ATTAATACTACGCGGG-1",0.416666666666667,0.166666666666667,0.166666666666667,0,0.166666666666667,0.0833333333333333
"ATTAATGAACCAGTCG-1",0.416666666666667,0.0833333333333333,0.166666666666667,0.0833333333333333,0.166666666666667,0.0833333333333333
"ATTAGGCGATGCTTTC-1",0.666666666666667,0.0833333333333333,0.166666666666667,0,0,0.0833333333333333
"ATTATGCCATAGGGAG-1",0.416666666666667,0.166666666666667,0.333333333333333,0,0,0.0833333333333333
"ATTCACTGATGTTGGA-1",0.416666666666667,0.166666666666667,0.0833333333333333,0.166666666666667,0.0833333333333333,0.0833333333333333
"ATTCATATACTGTCCA-1",0.416666666666667,0.25,0.333333333333333,0,0,0
"ATTGAAGATCTTAGTG-1",0.583333333333333,0.333333333333333,0.0833333333333333,0,0,0
"ATTGATGAGTCCTAAC-1",0.333333333333333,0,0.5,0,0.166666666666667,0
"ATTGTACAACTCGGCT-1",0.416666666666667,0,0.333333333333333,0.0833333333333333,0.166666666666667,0
"ATTTGTCTTGGGAGCT-1",0.5,0.166666666666667,0.166666666666667,0,0.166666666666667,0
"ATTTGTTCCAGGGCTC-1",0.5,0.0833333333333333,0.0833333333333333,0,0.25,0.0833333333333333
"CAAGAGGGCGGAGTAC-1",0.333333333333333,0.166666666666667,0.166666666666667,0,0.25,0.0833333333333333
"CAAGATATTATAACGT-1",0.416666666666667,0.0833333333333333,0.5,0,0,0
"CAAGCGGCACATAATT-1",0.5,0.166666666666667,0.25,0,0,0.0833333333333333
"CAAGGATCGCATGTTC-1",0.833333333333333,0,0.166666666666667,0,0,0
"CAAGTGTGGTTGCAAA-1",0.5,0.0833333333333333,0.416666666666667,0,0,0
"CAATAAACCTTGGCCC-1",0.333333333333333,0.0833333333333333,0.583333333333333,0,0,0
"CAATGCGAGAAGTATC-1",0.75,0,0.166666666666667,0,0,0.0833333333333333
"CAATGGATCTCTACCA-1",0.75,0.0833333333333333,0.166666666666667,0,0,0
"CAATTAAGGGTGATGA-1",0.583333333333333,0,0.166666666666667,0,0.25,0
"CAATTTCGTATAAGGG-1",0.5,0.166666666666667,0.25,0,0,0.0833333333333333
"CACACGCGCTGTCTTA-1",0.666666666666667,0.0833333333333333,0.0833333333333333,0,0.166666666666667,0
"CACAGCACCCACGGCA-1",0.583333333333333,0,0.25,0,0.0833333333333333,0.0833333333333333
"CACAGCTAGGGAGTGA-1",0.416666666666667,0,0.333333333333333,0,0.166666666666667,0.0833333333333333
"CACATATTAGCAGGAT-1",0.5,0.0833333333333333,0.416666666666667,0,0,0
"CACATCTCACCGACGA-1",0.416666666666667,0.0833333333333333,0.333333333333333,0,0,0.166666666666667
"CACATGATTCAGCAAC-1",0.666666666666667,0.166666666666667,0.166666666666667,0,0,0
"CACCCTAACAAGATCT-1",0.5,0,0.25,0.0833333333333333,0.0833333333333333,0.0833333333333333
"CACCGCCAGAAGGTTT-1",0.25,0.166666666666667,0.5,0,0,0.0833333333333333
"CACCTAATCAGTTTAC-1",0.666666666666667,0.0833333333333333,0.166666666666667,0,0,0.0833333333333333
"CACCTTGCGAAACTCG-1",0.666666666666667,0,0.25,0,0.0833333333333333,0
"CACGCACAGCGCAGCT-1",0.416666666666667,0.0833333333333333,0.333333333333333,0,0.166666666666667,0
"CACGCGGAACTGTTGC-1",0.333333333333333,0.0833333333333333,0.5,0,0,0.0833333333333333
"CACGTTCGTGCTCTAG-1",0.5,0.0833333333333333,0.333333333333333,0,0.0833333333333333,0
"CACTAAAGTTGCCTAT-1",0.25,0.166666666666667,0.416666666666667,0,0.166666666666667,0
"CACTCAAGAGCTATGG-1",0.583333333333333,0.166666666666667,0,0,0.166666666666667,0.0833333333333333
"CACTCGAGCTGAACAA-1",0.666666666666667,0,0.333333333333333,0,0,0
"CAGAACTTAGCCCTCT-1",0.666666666666667,0.0833333333333333,0.25,0,0,0
"CAGACCTGTAAGTGTT-1",0.583333333333333,0.25,0.0833333333333333,0,0.0833333333333333,0
"CAGAGCATGAGCTTGC-1",0.666666666666667,0.166666666666667,0.166666666666667,0,0,0
"CAGCAGCCCGTTCCTT-1",0.416666666666667,0,0.416666666666667,0,0.166666666666667,0
"CAGCCTCCTGCAGAGG-1",0.5,0.25,0.166666666666667,0,0,0.0833333333333333
"CAGCTCACTGAGACAT-1",0.333333333333333,0.0833333333333333,0.333333333333333,0,0.25,0
"CAGCTCGACAAGTTAA-1",0.416666666666667,0.166666666666667,0.166666666666667,0,0.166666666666667,0.0833333333333333
"CAGGATATATCGTTGT-1",0.583333333333333,0,0.25,0.0833333333333333,0.0833333333333333,0
"CAGGCGCCATGCTAGG-1",0.416666666666667,0.0833333333333333,0.5,0,0,0
"CAGTAGCCCACGCGGT-1",0.5,0.166666666666667,0.166666666666667,0,0.166666666666667,0
"CAGTCTGTATACTGGG-1",0.5,0.0833333333333333,0.416666666666667,0,0,0
"CAGTGAATAAATGACT-1",0.583333333333333,0,0.166666666666667,0,0.166666666666667,0.0833333333333333
"CAGTTCAAATTGACAC-1",0.666666666666667,0.0833333333333333,0.25,0,0,0
"CATAACGGACAGTCGT-1",0.583333333333333,0.25,0.0833333333333333,0,0.0833333333333333,0
"CATAAGAAGCTTGGCT-1",0.75,0.0833333333333333,0.166666666666667,0,0,0
"CATACGGCGTCTGGGC-1",0.583333333333333,0,0.25,0,0.166666666666667,0
"CATCGGACGGGTTAAT-1",0.583333333333333,0.166666666666667,0.166666666666667,0,0.0833333333333333,0
"CATCTTACACCACCTC-1",0.5,0,0.5,0,0,0
"CATGATGCACAATTCT-1",0.5,0.0833333333333333,0.416666666666667,0,0,0
"CATGGGTATGCCTTAT-1",0.416666666666667,0.0833333333333333,0.333333333333333,0,0.166666666666667,0
"CATGGTAAGTAGCGTT-1",0.5,0.25,0.25,0,0,0
"CATGGTCTAGATACCG-1",0.5,0.0833333333333333,0.25,0,0.0833333333333333,0.0833333333333333
"CATGTCTCATTTATGG-1",0.666666666666667,0.166666666666667,0.166666666666667,0,0,0
"CATTATGCTTGTTGTG-1",0.25,0.0833333333333333,0.666666666666667,0,0,0
"CATTTAGCGGACCATG-1",0.5,0.0833333333333333,0.25,0.0833333333333333,0.0833333333333333,0
"CCAAGACTTCTGCGAA-1",0.5,0.0833333333333333,0.333333333333333,0,0.0833333333333333,0
"CCAAGCGTAACTCGTA-1",0.333333333333333,0,0.5,0,0.166666666666667,0
"CCACAATGTACGTCTT-1",0.666666666666667,0.0833333333333333,0.0833333333333333,0,0.0833333333333333,0.0833333333333333
"CCACACTGAGATATTA-1",0.583333333333333,0,0.333333333333333,0,0.0833333333333333,0
"CCACCCAAGGAAAGTG-1",0.666666666666667,0,0.333333333333333,0,0,0
"CCAGATAGTTGAGTGA-1",0.666666666666667,0.166666666666667,0,0,0,0.166666666666667
"CCAGCCTGGACCAATA-1",0.416666666666667,0.166666666666667,0.333333333333333,0,0.0833333333333333,0
"CCAGGGACGTGGCCTC-1",0.583333333333333,0.166666666666667,0.25,0,0,0
"CCAGTAGTCTGATCCA-1",0.5,0.25,0.25,0,0,0
"CCAGTCTAGACGGCGC-1",0.416666666666667,0.166666666666667,0.333333333333333,0,0.0833333333333333,0
"CCATACCTTTACTTGT-1",0.583333333333333,0.0833333333333333,0.25,0,0,0.0833333333333333
"CCATCGCAGTTAAACT-1",0.416666666666667,0.25,0.25,0,0.0833333333333333,0
"CCATCTCACCAGTGAA-1",0.5,0.0833333333333333,0.25,0.0833333333333333,0,0.0833333333333333
"CCATGCCTGTTTAGTA-1",0.5,0.0833333333333333,0.416666666666667,0,0,0
"CCATTTCTACCTATTA-1",0.5,0.166666666666667,0.333333333333333,0,0,0
"CCCAAACATGCTGCTC-1",0.583333333333333,0.0833333333333333,0.0833333333333333,0,0.0833333333333333,0.166666666666667
"CCCAGTTAAGGCGCCG-1",0.416666666666667,0.166666666666667,0.25,0,0.0833333333333333,0.0833333333333333
"CCCGACCATAGTCCGC-1",0.583333333333333,0.0833333333333333,0.166666666666667,0,0.0833333333333333,0.0833333333333333
"CCCGCAGCGCGAACTA-1",0.916666666666667,0.0833333333333333,0,0,0,0
"CCCGTCAGCGTCTGAC-1",0.5,0.0833333333333333,0.416666666666667,0,0,0
"CCGAACCTTCCCGGCC-1",0.333333333333333,0,0.5,0,0.166666666666667,0
"CCGATCTCAACCTTAT-1",0.583333333333333,0,0.25,0,0.0833333333333333,0.0833333333333333
"CCGCACAAAGACCAAC-1",0.5,0.166666666666667,0.166666666666667,0,0.166666666666667,0
"CCGCATGTGGTACGAT-1",0.5,0.0833333333333333,0.416666666666667,0,0,0
"CCGCTATCAGCACCAG-1",0.333333333333333,0.25,0.333333333333333,0,0,0.0833333333333333
"CCGGGCGGTCTCGTCA-1",0.5,0.0833333333333333,0.416666666666667,0,0,0
"CCGGGCTGCTCCATAC-1",0.5,0.0833333333333333,0.25,0,0.0833333333333333,0.0833333333333333
"CCGTAAGTTGGTCCCA-1",0.75,0.0833333333333333,0.0833333333333333,0,0.0833333333333333,0
"CCTAAATTAACGGTTC-1",0.5,0.166666666666667,0.25,0,0.0833333333333333,0
"CCTACTGCTTACACTT-1",0.75,0,0.166666666666667,0,0,0.0833333333333333
"CCTAGGCGTAGCGATC-1",0.666666666666667,0,0.166666666666667,0,0.0833333333333333,0.0833333333333333
"CCTATAATGAGTGCCC-1",0.583333333333333,0,0.25,0,0.166666666666667,0
"CCTATGGGTTACCGTC-1",0.5,0.0833333333333333,0.25,0,0.166666666666667,0
"CCTCACCTTAGCATCG-1",0.333333333333333,0.166666666666667,0.333333333333333,0,0.0833333333333333,0.0833333333333333
"CCTCGGACCGGGATAG-1",0.666666666666667,0.166666666666667,0,0,0.166666666666667,0
"CCTCTAATCTGCCAAG-1",0.583333333333333,0.166666666666667,0.166666666666667,0,0.0833333333333333,0
"CCTCTGTACTATTCTA-1",0.583333333333333,0.0833333333333333,0.25,0,0,0.0833333333333333
"CCTGAACGATATATTC-1",0.5,0.0833333333333333,0.333333333333333,0,0,0.0833333333333333
"CCTGAATATTTACATA-1",0.666666666666667,0,0.25,0,0,0.0833333333333333
"CCTGACCACCGATGGT-1",0.25,0.166666666666667,0.5,0,0.0833333333333333,0
"CCTGCTATTTGAGAAG-1",0.583333333333333,0.25,0.166666666666667,0,0,0
"CCTGGTCGAATGTGGG-1",0.416666666666667,0.166666666666667,0.25,0,0.0833333333333333,0.0833333333333333
"CCTGTCACCCGGGCTC-1",0.5,0.166666666666667,0.25,0,0.0833333333333333,0
"CCTGTCGCCCGTAAAT-1",0.5,0.166666666666667,0.333333333333333,0,0,0
"CCTTCTTGATCCAGTG-1",0.583333333333333,0.166666666666667,0.166666666666667,0,0,0.0833333333333333
"CGACAATTTGATCTAA-1",0.5,0.0833333333333333,0.166666666666667,0,0,0.25
"CGAGACCCTAGAGTGT-1",0.416666666666667,0.0833333333333333,0.333333333333333,0.0833333333333333,0.0833333333333333,0
"CGAGAGATGTGAACCT-1",0.5,0.166666666666667,0.166666666666667,0,0.166666666666667,0
"CGAGGCTAAATATGGC-1",0.666666666666667,0.0833333333333333,0.25,0,0,0
"CGAGGGACTGCGGTCG-1",0.0833333333333333,0.166666666666667,0.5,0,0.0833333333333333,0.166666666666667
"CGAGTTCTGTCCCACC-1",0.666666666666667,0.25,0.0833333333333333,0,0,0
"CGAGTTTATCGGACTG-1",0.583333333333333,0.0833333333333333,0.166666666666667,0.0833333333333333,0.0833333333333333,0
"CGATCCGACCCAGTGC-1",0.416666666666667,0.25,0.25,0,0,0.0833333333333333
"CGATTCGCCTGGCTGC-1",0.416666666666667,0.25,0.333333333333333,0,0,0
"CGCACATGTCCACTAC-1",0.5,0,0.416666666666667,0,0,0.0833333333333333
"CGCACGTGCGCTATCA-1",0.5,0.0833333333333333,0.333333333333333,0,0.0833333333333333,0
"CGCATGGTGCGATGCT-1",0.5,0.166666666666667,0.0833333333333333,0,0.166666666666667,0.0833333333333333
"CGCATTAGCTAATAGG-1",0.666666666666667,0.0833333333333333,0.0833333333333333,0,0.166666666666667,0
"CGCCATCCGATTATGA-1",0.666666666666667,0,0.166666666666667,0.0833333333333333,0.0833333333333333,0
"CGCCGCCCATGCCTGT-1",0.333333333333333,0.25,0.416666666666667,0,0,0
"CGCCTCCCTCCTCTAT-1",0.416666666666667,0.0833333333333333,0.416666666666667,0,0,0.0833333333333333
"CGCGCCCGACTTAATA-1",0.416666666666667,0.166666666666667,0.25,0,0.0833333333333333,0.0833333333333333
"CGCGGCTCAACTTGAA-1",0.583333333333333,0.0833333333333333,0.0833333333333333,0,0.166666666666667,0.0833333333333333
"CGCGGGAATTAGGCAG-1",0.666666666666667,0.0833333333333333,0.166666666666667,0.0833333333333333,0,0
"CGCGTTCATGAAATAC-1",0.5,0.0833333333333333,0.25,0,0,0.166666666666667
"CGCTAGAGACCGCTGC-1",0.583333333333333,0.0833333333333333,0.333333333333333,0,0,0
"CGCTATTCTTAGGCTC-1",0.416666666666667,0.0833333333333333,0.25,0,0.0833333333333333,0.166666666666667
"CGCTTTCTTGCATTCG-1",0.833333333333333,0,0.0833333333333333,0,0.0833333333333333,0
"CGGAGCATGGCGATCC-1",0.583333333333333,0.166666666666667,0.166666666666667,0,0.0833333333333333,0
"CGGCAAACATCGTGCG-1",0.416666666666667,0.0833333333333333,0.416666666666667,0,0.0833333333333333,0
"CGGCAGGGTCGGGTTG-1",0.416666666666667,0.25,0.166666666666667,0,0.166666666666667,0
"CGGCCACGCACAAAGT-1",0.5,0,0.333333333333333,0,0,0.166666666666667
"CGGGAATTTATGTAAA-1",0.666666666666667,0,0.166666666666667,0,0.0833333333333333,0.0833333333333333
"CGGGATCAATGTAAGA-1",0.583333333333333,0,0.25,0,0.0833333333333333,0.0833333333333333
"CGGGCAGCTAAACCGC-1",0.666666666666667,0.0833333333333333,0.0833333333333333,0,0.0833333333333333,0.0833333333333333
"CGGGCCTTCTTTGTAA-1",0.75,0,0,0,0.166666666666667,0.0833333333333333
"CGGGTGTACCCATTTA-1",0.5,0.166666666666667,0.166666666666667,0,0.166666666666667,0
"CGGTACTAGAATCAAA-1",0.666666666666667,0,0.25,0,0.0833333333333333,0
"CGGTCAAGTGGGAACC-1",0.583333333333333,0,0.25,0,0.166666666666667,0
"CGGTTATCCAACAGTG-1",0.75,0,0.25,0,0,0
"CGTACCTGATAGGCCT-1",0.416666666666667,0.25,0.166666666666667,0,0.0833333333333333,0.0833333333333333
"CGTATTAAGAGATCTA-1",0.666666666666667,0.0833333333333333,0.166666666666667,0,0,0.0833333333333333
"CGTCGGATAGTGTTGA-1",0.333333333333333,0.166666666666667,0.416666666666667,0,0.0833333333333333,0
"CGTCGTCCTTCGCGAA-1",0.416666666666667,0.0833333333333333,0.5,0,0,0
"CGTGAAGTTAATTCAC-1",0.666666666666667,0,0.166666666666667,0,0.0833333333333333,0.0833333333333333
"CGTGCAGACTGGGACA-1",0.333333333333333,0.0833333333333333,0.333333333333333,0.0833333333333333,0.0833333333333333,0.0833333333333333
"CGTGCCCTCCCGAAGA-1",0.666666666666667,0.166666666666667,0.0833333333333333,0,0,0.0833333333333333
"CGTTGAATACCGCGCT-1",0.583333333333333,0.0833333333333333,0.25,0,0.0833333333333333,0
"CGTTGAGCGACCGTCG-1",0.5,0.25,0.166666666666667,0,0.0833333333333333,0
"CTAAAGGGAAATAGGA-1",0.5,0,0.416666666666667,0,0.0833333333333333,0
"CTAAATCCTATTCCGG-1",0.666666666666667,0,0.333333333333333,0,0,0
"CTAACGAAACTTGCTG-1",0.5,0.0833333333333333,0.333333333333333,0,0.0833333333333333,0
"CTAAGGGAATGATTGG-1",0.666666666666667,0,0.25,0,0.0833333333333333,0
"CTACCCTAAGGTCATA-1",0.666666666666667,0,0.333333333333333,0,0,0
"CTACGCACGGAGTACC-1",0.5,0.0833333333333333,0.25,0.0833333333333333,0.0833333333333333,0
"CTACTATCTTTCAGAG-1",0.5,0,0.333333333333333,0,0.0833333333333333,0.0833333333333333
"CTACTGCCACCTGACC-1",0.416666666666667,0.0833333333333333,0.333333333333333,0,0.0833333333333333,0.0833333333333333
"CTAGATGTGAGTGTAA-1",0.5,0.0833333333333333,0.25,0,0.0833333333333333,0.0833333333333333
"CTAGATTTACGACGGC-1",0.333333333333333,0.416666666666667,0.166666666666667,0.0833333333333333,0,0
"CTAGCATAGTATAATG-1",0.416666666666667,0.0833333333333333,0.333333333333333,0,0.0833333333333333,0.0833333333333333
"CTAGGTTCGGACGTGA-1",0.416666666666667,0.166666666666667,0.25,0,0.166666666666667,0
"CTAGTCACGTCTTAAG-1",0.416666666666667,0.166666666666667,0.333333333333333,0,0,0.0833333333333333
"CTAGTTACAACCCGGT-1",0.5,0.0833333333333333,0.333333333333333,0,0,0.0833333333333333
"CTAGTTGGGCCCGGTA-1",0.416666666666667,0.166666666666667,0.333333333333333,0,0.0833333333333333,0
"CTATCGGGTCTCAACA-1",0.416666666666667,0.0833333333333333,0.333333333333333,0,0.0833333333333333,0.0833333333333333
"CTATGTCACTAGCCCA-1",0.5,0.166666666666667,0.166666666666667,0,0.0833333333333333,0.0833333333333333
"CTATTCATGTGTCCCA-1",0.5,0.25,0,0.0833333333333333,0.166666666666667,0
"CTATTTGGTTACGGAT-1",0.75,0.0833333333333333,0.0833333333333333,0,0,0.0833333333333333
"CTCATTTGATGGGCGG-1",0.833333333333333,0.0833333333333333,0.0833333333333333,0,0,0
"CTCCGGCCTAATATGC-1",0.583333333333333,0.0833333333333333,0.166666666666667,0,0.166666666666667,0
"CTCGAGGTCGAACAGT-1",0.5,0.0833333333333333,0.25,0,0.166666666666667,0
"CTCGCACCTATATAGT-1",0.416666666666667,0.0833333333333333,0.25,0.0833333333333333,0.166666666666667,0
"CTCGCCGAATGTAGGG-1",0.5,0,0.333333333333333,0.0833333333333333,0,0.0833333333333333
"CTCGGTACCACTGCTC-1",0.583333333333333,0.0833333333333333,0.25,0,0,0.0833333333333333
"CTCTATTTGGCTGCAG-1",0.333333333333333,0.25,0.25,0,0,0.166666666666667
"CTCTCACAATCGATGA-1",0.416666666666667,0.166666666666667,0.333333333333333,0,0,0.0833333333333333
"CTCTGGACGCCTGGTG-1",0.75,0,0.25,0,0,0
"CTGAAAGAGATCCGAC-1",0.583333333333333,0.0833333333333333,0.166666666666667,0,0.0833333333333333,0.0833333333333333
"CTGACTGCGCAGCTCG-1",0.333333333333333,0.416666666666667,0.0833333333333333,0,0.166666666666667,0
"CTGCACAACTACATAT-1",0.5,0.0833333333333333,0.333333333333333,0,0,0.0833333333333333
"CTGCACTCCAGTACAG-1",0.5,0.166666666666667,0.25,0,0,0.0833333333333333
"CTGCCAAGGTTGGAAG-1",0.666666666666667,0.0833333333333333,0.25,0,0,0
"CTGCCATGCATCACAT-1",0.75,0.166666666666667,0.0833333333333333,0,0,0
"CTGCTTGGCGATAGCT-1",0.583333333333333,0.0833333333333333,0.25,0.0833333333333333,0,0
"CTGGAAATGGATGCTT-1",0.5,0,0.416666666666667,0,0.0833333333333333,0
"CTGGAAGACACGGTGG-1",0.666666666666667,0,0.0833333333333333,0,0.166666666666667,0.0833333333333333
"CTGGCGCACAGGTCTG-1",0.666666666666667,0,0.25,0,0.0833333333333333,0
"CTGGCTGATTCATCCT-1",0.5,0,0.416666666666667,0,0,0.0833333333333333
"CTGGGATAAATAATGG-1",0.5,0.333333333333333,0.0833333333333333,0,0,0.0833333333333333
"CTGGGTAGGCAGTTAA-1",0.666666666666667,0,0.25,0,0,0.0833333333333333
"CTGGTAACACATAGAA-1",0.583333333333333,0,0.25,0.0833333333333333,0.0833333333333333,0
"CTGGTAACGAGCTCTT-1",0.5,0.25,0.166666666666667,0,0.0833333333333333,0
"CTGTACTTCTTAGCAT-1",0.416666666666667,0.0833333333333333,0.416666666666667,0,0.0833333333333333,0
"CTGTCAAATGGCTCGG-1",0.583333333333333,0.25,0.0833333333333333,0,0.0833333333333333,0
"CTGTGCAGGGTAGGTC-1",0.666666666666667,0,0.25,0,0,0.0833333333333333
"CTGTTCACTGCCTGTG-1",0.75,0.25,0,0,0,0
"CTTAGCCTTCCACATG-1",0.416666666666667,0.166666666666667,0.333333333333333,0,0.0833333333333333,0
"CTTAGTAGGCCTACAG-1",0.583333333333333,0,0.333333333333333,0,0.0833333333333333,0
"CTTCATTGTCAGTGGA-1",0.416666666666667,0,0.333333333333333,0,0.0833333333333333,0.166666666666667
"CTTGAGTTAGGGTAAT-1",0.583333333333333,0,0.333333333333333,0,0,0.0833333333333333
"CTTGTACTTGTTGACT-1",0.416666666666667,0.166666666666667,0.416666666666667,0,0,0
"CTTGTCAACATTCGAG-1",0.333333333333333,0.166666666666667,0.333333333333333,0,0.0833333333333333,0.0833333333333333
"CTTGTTGCTGAGTCAA-1",0.416666666666667,0.166666666666667,0.25,0.0833333333333333,0.0833333333333333,0
"CTTTAACTTTCAAAGG-1",0.583333333333333,0.0833333333333333,0.333333333333333,0,0,0
"CTTTAATATTGGTCGA-1",0.5,0.0833333333333333,0.333333333333333,0,0,0.0833333333333333
"CTTTACCGAATAGTAG-1",0.416666666666667,0.0833333333333333,0.333333333333333,0,0.166666666666667,0
"CTTTAGGAACACTGTT-1",0.5,0.0833333333333333,0.25,0.166666666666667,0,0
"CTTTAGTGCTATTATT-1",0.5,0.166666666666667,0.166666666666667,0,0.166666666666667,0
"CTTTCTGTGCGGGCTT-1",0.416666666666667,0.0833333333333333,0.333333333333333,0,0,0.166666666666667
"GAAACAGATGACCACC-1",0.333333333333333,0.166666666666667,0.333333333333333,0,0.0833333333333333,0.0833333333333333
"GAAAGAACAGCGTTAT-1",0.5,0.25,0.25,0,0,0
"GAAATGGCGGTGTTAG-1",0.666666666666667,0,0.333333333333333,0,0,0
"GAACACACATCAACCA-1",0.5,0.0833333333333333,0.416666666666667,0,0,0
"GAACAGATTACTAAAT-1",0.25,0.25,0.333333333333333,0,0.166666666666667,0
"GAACCCTCTGTGTTCT-1",0.5,0.0833333333333333,0.166666666666667,0,0.25,0
"GAACGTCTCATGGTCG-1",0.25,0.25,0.416666666666667,0,0,0.0833333333333333
"GAAGCGTGAGGAATTT-1",0.833333333333333,0,0.0833333333333333,0,0.0833333333333333,0
"GAAGTCTCCCTAGCGA-1",0.5,0.166666666666667,0.25,0,0,0.0833333333333333
"GAATAGACGCGACCCA-1",0.583333333333333,0,0.0833333333333333,0.0833333333333333,0.25,0
"GAATCTGAACATTCTC-1",0.333333333333333,0.166666666666667,0.25,0.0833333333333333,0.0833333333333333,0.0833333333333333
"GAATGTGGTCCGGATT-1",0.583333333333333,0.166666666666667,0.25,0,0,0
"GAATGTTGGGTAATCT-1",0.583333333333333,0.0833333333333333,0.166666666666667,0,0.166666666666667,0
"GAATTATAGTGAAAGG-1",0.416666666666667,0.0833333333333333,0.5,0,0,0
"GACAAACATATGCAGG-1",0.5,0.0833333333333333,0.333333333333333,0,0.0833333333333333,0
"GACAACGACCATTGAA-1",0.5,0,0.416666666666667,0,0,0.0833333333333333
"GACACAAGGGAAGAAA-1",0.333333333333333,0.0833333333333333,0.333333333333333,0,0.166666666666667,0.0833333333333333
"GACAGCCAGACCTGAC-1",0.583333333333333,0.166666666666667,0.25,0,0,0
"GACCGTGCTGACGGTG-1",0.25,0.333333333333333,0.166666666666667,0,0.166666666666667,0.0833333333333333
"GACGACGATCCGCGTT-1",0.416666666666667,0.25,0.166666666666667,0,0.0833333333333333,0.0833333333333333
"GACGGTCAATAGAAGC-1",0.5,0.0833333333333333,0.25,0,0,0.166666666666667
"GACTAAGATCATGCAC-1",0.5,0.0833333333333333,0.166666666666667,0.0833333333333333,0.166666666666667,0
"GACTCGCGGGAATGAC-1",0.666666666666667,0.166666666666667,0.0833333333333333,0,0.0833333333333333,0
"GACTGCAAATCGAGCT-1",0.583333333333333,0.166666666666667,0.0833333333333333,0,0.0833333333333333,0.0833333333333333
"GAGACTGATGGGTAGA-1",0.666666666666667,0,0.0833333333333333,0,0.25,0
"GAGATCTGTCACTCCG-1",0.583333333333333,0,0.333333333333333,0,0.0833333333333333,0
"GAGATGGGAGTCGACA-1",0.333333333333333,0.333333333333333,0.0833333333333333,0.0833333333333333,0.166666666666667,0
"GAGCACCTGTGTCCAG-1",0.333333333333333,0,0.333333333333333,0,0.25,0.0833333333333333
"GAGCTAAGGGCATATC-1",0.25,0.333333333333333,0.333333333333333,0,0.0833333333333333,0
"GAGGGCGCAGCTCTGC-1",0.5,0.333333333333333,0,0,0.0833333333333333,0.0833333333333333
"GAGTGTGCGGTACCCA-1",0.416666666666667,0.166666666666667,0.416666666666667,0,0,0
"GATAACTCGCACTGTG-1",0.833333333333333,0,0.166666666666667,0,0,0
"GATAGGTAACGTTGAC-1",0.416666666666667,0.0833333333333333,0.333333333333333,0,0.0833333333333333,0.0833333333333333
"GATATGAGACACTAAC-1",0.416666666666667,0.166666666666667,0.416666666666667,0,0,0
"GATATTGAGATTGGCG-1",0.5,0.0833333333333333,0.333333333333333,0,0,0.0833333333333333
"GATCATTCCAAACATT-1",0.5,0.166666666666667,0.166666666666667,0,0.0833333333333333,0.0833333333333333
"GATCCCTTTATACTGC-1",0.833333333333333,0,0.0833333333333333,0,0.0833333333333333,0
"GATCCGGGAATTAACA-1",0.25,0,0.75,0,0,0
"GATCCTAAATCGGGAC-1",0.666666666666667,0,0.166666666666667,0.0833333333333333,0,0.0833333333333333
"GATCGCGGGCTCTCCA-1",0.5,0,0.333333333333333,0,0.0833333333333333,0.0833333333333333
"GATCGGTGGCCATAAC-1",0.5,0.333333333333333,0.166666666666667,0,0,0
"GATCGTGACTGATATC-1",0.5,0.0833333333333333,0.166666666666667,0,0.166666666666667,0.0833333333333333
"GATCTTGGAGGGCATA-1",0.583333333333333,0.166666666666667,0.0833333333333333,0,0.0833333333333333,0.0833333333333333
"GATGCGTCCTGCATTC-1",0.833333333333333,0,0.166666666666667,0,0,0
"GATGCTGTATTTCATC-1",0.333333333333333,0.416666666666667,0.25,0,0,0
"GATTCCCTTGTCGCAG-1",0.666666666666667,0.0833333333333333,0.166666666666667,0,0,0.0833333333333333
"GATTCGACGGTTCACG-1",0.583333333333333,0.0833333333333333,0.166666666666667,0,0.166666666666667,0
"GCAAACCCTACATTAT-1",0.333333333333333,0.166666666666667,0.333333333333333,0,0.166666666666667,0
"GCAAACCTTGGCCATA-1",0.666666666666667,0,0.0833333333333333,0,0.25,0
"GCAGACCCAGCACGTA-1",0.666666666666667,0.166666666666667,0.166666666666667,0,0,0
"GCAGATCCATAAGACT-1",0.583333333333333,0.166666666666667,0.0833333333333333,0,0.0833333333333333,0.0833333333333333
"GCAGATTAGGGATATC-1",0.75,0,0.166666666666667,0,0.0833333333333333,0
"GCATAGAGCACTCAGG-1",0.5,0.166666666666667,0.333333333333333,0,0,0
"GCATGAGGGACGCGGC-1",0.416666666666667,0.166666666666667,0.166666666666667,0,0.25,0
"GCCCGATCTGTGGTCG-1",0.75,0.0833333333333333,0.0833333333333333,0,0.0833333333333333,0
"GCCCGTAATACCTTCT-1",0.416666666666667,0.0833333333333333,0.333333333333333,0,0.0833333333333333,0.0833333333333333
"GCCGATTGGCCAAGCT-1",0.583333333333333,0.0833333333333333,0.166666666666667,0.0833333333333333,0,0.0833333333333333
"GCCGGGTTAGGGTCGC-1",0.583333333333333,0,0.333333333333333,0,0.0833333333333333,0
"GCCTATAGTGTCAGGG-1",0.666666666666667,0,0.333333333333333,0,0,0
"GCCTCATCTGGAAATA-1",0.5,0.166666666666667,0.166666666666667,0,0,0.166666666666667
"GCCTCTATACATAGCA-1",0.5,0,0.333333333333333,0,0.166666666666667,0
"GCGAAGCCATACCCGT-1",0.5,0,0.333333333333333,0,0.0833333333333333,0.0833333333333333
"GCGAGTTCTGCAAAGA-1",0.5,0.0833333333333333,0.25,0.0833333333333333,0,0.0833333333333333
"GCGATTGTTAACGTTA-1",0.333333333333333,0.166666666666667,0.25,0,0.166666666666667,0.0833333333333333
"GCGCAAGAGCGCGCTG-1",0.25,0.166666666666667,0.416666666666667,0,0.0833333333333333,0.0833333333333333
"GCGCATCCAGTCAGCA-1",0.333333333333333,0.166666666666667,0.5,0,0,0
"GCGCCGTTCCACGATA-1",0.666666666666667,0,0.166666666666667,0,0.166666666666667,0
"GCGCTAATTGAATAGA-1",0.583333333333333,0.166666666666667,0.166666666666667,0,0,0.0833333333333333
"GCGCTGCTTTGCATTT-1",0.75,0.0833333333333333,0.0833333333333333,0,0.0833333333333333,0
"GCGTAAATGGCCATAA-1",0.666666666666667,0.166666666666667,0.166666666666667,0,0,0
"GCGTCGCCAGGGTGAT-1",0.416666666666667,0.333333333333333,0.25,0,0,0
"GCGTGGTACTGGGTTA-1",0.416666666666667,0,0.5,0,0.0833333333333333,0
"GCTAAGTAGTTTCTCT-1",0.333333333333333,0.25,0.416666666666667,0,0,0
"GCTACGACTTATTGGG-1",0.333333333333333,0.0833333333333333,0.5,0,0.0833333333333333,0
"GCTAGGCACCACGGAG-1",0.416666666666667,0.166666666666667,0.25,0,0.0833333333333333,0.0833333333333333
"GCTAGTAGAGCTTGTA-1",0.25,0,0.416666666666667,0.0833333333333333,0,0.25
"GCTATACGTCTCGGAC-1",0.5,0.166666666666667,0.166666666666667,0,0.0833333333333333,0.0833333333333333
"GCTATCATACTCATGG-1",0.5,0.0833333333333333,0.25,0.0833333333333333,0,0.0833333333333333
"GCTCGCTCATGTCCAA-1",0.666666666666667,0.0833333333333333,0.25,0,0,0
"GCTCTAAACCCTGACG-1",0.25,0.166666666666667,0.25,0,0.166666666666667,0.166666666666667
"GCTCTCGGGTACCGAA-1",0.5,0.166666666666667,0.166666666666667,0,0.0833333333333333,0.0833333333333333
"GCTGAGGCGTGAGTAT-1",0.416666666666667,0.166666666666667,0.166666666666667,0,0.25,0
"GCTGCACGGTTTCTTA-1",0.666666666666667,0.166666666666667,0.166666666666667,0,0,0
"GCTGCTACTGCGTAGC-1",0.5,0.0833333333333333,0.333333333333333,0,0.0833333333333333,0
"GCTGCTCTCCGGACAC-1",0.583333333333333,0.0833333333333333,0.25,0,0.0833333333333333,0
"GCTGGCGGCGCATGCT-1",0.5,0.0833333333333333,0.333333333333333,0,0.0833333333333333,0
"GCTGTTGCTACCGAAC-1",0.583333333333333,0.0833333333333333,0.166666666666667,0,0.166666666666667,0
"GCTTAATGTAACTAAC-1",0.25,0.166666666666667,0.333333333333333,0,0.25,0
"GCTTATGAAGCAGGAA-1",0.75,0,0.166666666666667,0,0.0833333333333333,0
"GCTTCCGTCCCTAGAC-1",0.5,0,0.416666666666667,0,0.0833333333333333,0
"GCTTGGATCGATTAGG-1",0.75,0.0833333333333333,0.0833333333333333,0,0.0833333333333333,0
"GCTTTCAGAGGAGGTG-1",0.333333333333333,0.0833333333333333,0.583333333333333,0,0,0
"GGAATGCGCTAGCGTG-1",0.666666666666667,0.166666666666667,0.166666666666667,0,0,0
"GGACCAACAGGATAAC-1",0.5,0,0.25,0,0.166666666666667,0.0833333333333333
"GGAGACGACACCTTTG-1",0.5,0.25,0.166666666666667,0,0,0.0833333333333333
"GGAGCACCAAGAACTA-1",0.583333333333333,0.0833333333333333,0.25,0,0.0833333333333333,0
"GGAGGGCTTGGTTGGC-1",0.666666666666667,0.0833333333333333,0.0833333333333333,0,0.0833333333333333,0.0833333333333333
"GGATCCGGAATATACT-1",0.5,0.25,0.166666666666667,0,0.0833333333333333,0
"GGATGAAGATCGCTGA-1",0.5,0,0.5,0,0,0
"GGATGTCCTTACCGCA-1",0.583333333333333,0.166666666666667,0.166666666666667,0,0,0.0833333333333333
"GGATTTCACTTCTATA-1",0.5,0.25,0.166666666666667,0,0.0833333333333333,0
"GGCAAATTACTTTACT-1",0.5,0.166666666666667,0.25,0,0.0833333333333333,0
"GGCAAGGCGAAATAGC-1",0.5,0.0833333333333333,0.166666666666667,0,0.25,0
"GGCAATAGTCAATGAG-1",0.666666666666667,0.0833333333333333,0.0833333333333333,0,0.166666666666667,0
"GGCGAAATCTAACTTG-1",0.666666666666667,0.25,0,0,0,0.0833333333333333
"GGCGCGTTCGAGTTTA-1",0.416666666666667,0.0833333333333333,0.5,0,0,0
"GGCGGTAGGATCATTG-1",0.583333333333333,0.166666666666667,0.166666666666667,0.0833333333333333,0,0
"GGCTCGCGTTGAGGTA-1",0.5,0.0833333333333333,0.0833333333333333,0,0.25,0.0833333333333333
"GGCTCTGCTCCAACGC-1",0.5,0.25,0.166666666666667,0.0833333333333333,0,0
"GGCTGAAATAGCAAAG-1",0.416666666666667,0.166666666666667,0.333333333333333,0.0833333333333333,0,0
"GGGACTGCATAGATAG-1",0.5,0.333333333333333,0.0833333333333333,0,0,0.0833333333333333
"GGGAGAACTCACAGTA-1",0.583333333333333,0.166666666666667,0.166666666666667,0,0,0.0833333333333333
"GGGAGGATGCCCGAAA-1",0.583333333333333,0.0833333333333333,0.25,0.0833333333333333,0,0
"GGGAGTTAATGAGGCG-1",0.583333333333333,0.0833333333333333,0.25,0,0,0.0833333333333333
"GGGATTTACCGCACCT-1",0.416666666666667,0.333333333333333,0.166666666666667,0,0,0.0833333333333333
"GGGCCGGCCGAAGTAC-1",0.5,0.166666666666667,0.25,0,0.0833333333333333,0
"GGGCGATATGTGTGAA-1",0.25,0.0833333333333333,0.583333333333333,0,0,0.0833333333333333
"GGGCGTACATTTATAT-1",0.583333333333333,0,0.333333333333333,0,0.0833333333333333,0
"GGGCTCATCGAACCCA-1",0.583333333333333,0.0833333333333333,0.25,0.0833333333333333,0,0
"GGGCTGCCTAGGGCGA-1",0.333333333333333,0.166666666666667,0.25,0,0.166666666666667,0.0833333333333333
"GGTACAAACATGCTAT-1",0.75,0,0.166666666666667,0,0,0.0833333333333333
"GGTAGAAGACCGCCTG-1",0.666666666666667,0.0833333333333333,0.0833333333333333,0,0.0833333333333333,0.0833333333333333
"GGTAGTGCTCGCACCA-1",0.666666666666667,0.166666666666667,0.0833333333333333,0,0,0.0833333333333333
"GGTATTGCCGAGTTTA-1",0.75,0,0.0833333333333333,0,0.166666666666667,0
"GGTCAGTGGGTCCCAC-1",0.583333333333333,0.166666666666667,0.166666666666667,0,0,0.0833333333333333
"GGTCGGCCAGGAGCTT-1",0.333333333333333,0.166666666666667,0.416666666666667,0,0,0.0833333333333333
"GGTCTGAGAATCTGGA-1",0.5,0,0.416666666666667,0,0.0833333333333333,0
"GGTGATAAGGAGCAGT-1",0.416666666666667,0.0833333333333333,0.416666666666667,0,0,0.0833333333333333
"GGTGGACTGCTCTGGC-1",0.5,0,0.333333333333333,0,0.166666666666667,0
"GGTTAGCTATATGTCT-1",0.416666666666667,0.166666666666667,0.166666666666667,0.0833333333333333,0.166666666666667,0
"GGTTTACAATCTCAAT-1",0.166666666666667,0.25,0.416666666666667,0,0.0833333333333333,0.0833333333333333
"GGTTTCAATCGGTCAG-1",0.666666666666667,0,0.166666666666667,0,0.0833333333333333,0.0833333333333333
"GTAAGCGGGCAGTCAG-1",0.5,0.0833333333333333,0.25,0,0.0833333333333333,0.0833333333333333
"GTAAGTAACAGTCTGG-1",0.5,0.0833333333333333,0.416666666666667,0,0,0
"GTAATAAAGGGCTCCC-1",0.333333333333333,0.0833333333333333,0.333333333333333,0,0.25,0
"GTACACTTACCTGAAG-1",0.583333333333333,0.166666666666667,0.25,0,0,0
"GTACAGAGGCAAGGGT-1",0.416666666666667,0.166666666666667,0.333333333333333,0,0,0.0833333333333333
"GTACGAGATTGCGACA-1",0.5,0.0833333333333333,0.416666666666667,0,0,0
"GTACGCTTCATTGCAC-1",0.416666666666667,0.166666666666667,0.416666666666667,0,0,0
"GTACGTTTGCCCGTCA-1",0.416666666666667,0.0833333333333333,0.25,0.0833333333333333,0,0.166666666666667
"GTACTAAGATTTGGAG-1",0.583333333333333,0,0.333333333333333,0,0.0833333333333333,0
"GTACTGGAGTTAGACC-1",0.583333333333333,0.0833333333333333,0.25,0,0.0833333333333333,0
"GTAGCCAAACATGGGA-1",0.833333333333333,0.166666666666667,0,0,0,0
"GTAGCGGCTATACACT-1",0.833333333333333,0.0833333333333333,0.0833333333333333,0,0,0
"GTAGCTTCCTCTTGTT-1",0.583333333333333,0,0.25,0,0.166666666666667,0
"GTAGTCGCGGGAATCA-1",0.583333333333333,0.0833333333333333,0.333333333333333,0,0,0
"GTATAGGACTCAGTAG-1",0.75,0,0.166666666666667,0,0.0833333333333333,0
"GTATCTTTCATAACCA-1",0.5,0.0833333333333333,0.333333333333333,0.0833333333333333,0,0
"GTATGTGGGTCTAGTT-1",0.5,0.0833333333333333,0.166666666666667,0,0.0833333333333333,0.166666666666667
"GTCAAGCGGACTCGGG-1",0.333333333333333,0.25,0.25,0,0.0833333333333333,0.0833333333333333
"GTCATGCACCTCCGTT-1",0.75,0.0833333333333333,0.0833333333333333,0.0833333333333333,0,0
"GTCATGGACATGACTA-1",0.5,0.0833333333333333,0.333333333333333,0,0.0833333333333333,0
"GTCATTAGAGCGAACG-1",0.583333333333333,0,0.333333333333333,0.0833333333333333,0,0
"GTCCCAACGTAAAGTA-1",0.666666666666667,0,0.25,0,0.0833333333333333,0
"GTCCGGCTGAATTGCG-1",0.666666666666667,0.0833333333333333,0.25,0,0,0
"GTCGCGTAACCCGTTG-1",0.75,0.0833333333333333,0.0833333333333333,0,0.0833333333333333,0
"GTCGGGAAGCAGAAAC-1",0.5,0.166666666666667,0.333333333333333,0,0,0
"GTCGTACCATCTCGGG-1",0.666666666666667,0.166666666666667,0.166666666666667,0,0,0
"GTCTCAAGGCCCGGCT-1",0.666666666666667,0.0833333333333333,0.166666666666667,0,0.0833333333333333,0
"GTGAAACGGCGCCACC-1",0.666666666666667,0.0833333333333333,0.0833333333333333,0,0.0833333333333333,0.0833333333333333
"GTGACCGCACACTACG-1",0.583333333333333,0.0833333333333333,0.25,0,0,0.0833333333333333
"GTGAGGACACTTAAGG-1",0.5,0.0833333333333333,0.25,0,0.0833333333333333,0.0833333333333333
"GTGCCCGTTCGGATTC-1",0.666666666666667,0.25,0,0,0.0833333333333333,0
"GTGCGACAGGGAGTGT-1",0.583333333333333,0.166666666666667,0.166666666666667,0.0833333333333333,0,0
"GTGCGGGTCTCCAAAT-1",0.75,0,0.166666666666667,0,0,0.0833333333333333
"GTGCGTGTATATGAGC-1",0.416666666666667,0.0833333333333333,0.25,0,0.25,0
"GTGCTCAAGTACTGTC-1",0.333333333333333,0.25,0.333333333333333,0,0.0833333333333333,0
"GTGGACGCATTTGTCC-1",0.75,0.0833333333333333,0.166666666666667,0,0,0
"GTGTACCTTGGCTACG-1",0.583333333333333,0.166666666666667,0.166666666666667,0,0.0833333333333333,0
"GTGTATATCAGCGGGC-1",0.583333333333333,0.166666666666667,0.0833333333333333,0,0.166666666666667,0
"GTGTCGTATAGCGTTC-1",0.416666666666667,0.25,0.25,0.0833333333333333,0,0
"GTGTGAATAACTTAGG-1",0.5,0.166666666666667,0.333333333333333,0,0,0
"GTGTTACTATGCGTCC-1",0.75,0,0.25,0,0,0
"GTTAAAGTAGGACTGG-1",0.666666666666667,0.0833333333333333,0.166666666666667,0,0,0.0833333333333333
"GTTAACATCACTTAAA-1",0.5,0.0833333333333333,0.333333333333333,0,0.0833333333333333,0
"GTTACCTACAACTTGC-1",0.666666666666667,0.0833333333333333,0,0,0.0833333333333333,0.166666666666667
"GTTCGCCATAAGTGCC-1",0.5,0,0.333333333333333,0,0.166666666666667,0
"GTTGAGTCCCGCCGGT-1",0.583333333333333,0.166666666666667,0.166666666666667,0,0,0.0833333333333333
"GTTGGATTGAGAACAC-1",0.5,0.166666666666667,0.166666666666667,0.0833333333333333,0.0833333333333333,0
"GTTGGATTTGCGTTGG-1",0.5,0.25,0.166666666666667,0,0.0833333333333333,0
"GTTGGTCATGCTATCC-1",0.583333333333333,0.166666666666667,0.166666666666667,0,0.0833333333333333,0
"GTTTACGTTCCATCTG-1",0.583333333333333,0,0.25,0,0.0833333333333333,0.0833333333333333
"GTTTCTGCAGTCTCCC-1",0.5,0,0.416666666666667,0.0833333333333333,0,0
"GTTTGACCAAATCCTA-1",0.333333333333333,0.25,0.0833333333333333,0,0.333333333333333,0
"GTTTGGCCCAAGTTAT-1",0.0833333333333333,0.0833333333333333,0.333333333333333,0,0.333333333333333,0.166666666666667
"GTTTGGGCTTGTGAGC-1",0.5,0.166666666666667,0.0833333333333333,0,0.166666666666667,0.0833333333333333
"TAAAGCGTTAGGAGAA-1",0.75,0.0833333333333333,0.166666666666667,0,0,0
"TAACATACAATGTGGG-1",0.666666666666667,0,0.333333333333333,0,0,0
"TAACCTACCGTCCGAG-1",0.583333333333333,0,0.333333333333333,0.0833333333333333,0,0
"TAAGGCAACATAAGAT-1",0.5,0.0833333333333333,0.25,0,0.166666666666667,0
"TAATAGTGACGACCAG-1",0.75,0.0833333333333333,0.166666666666667,0,0,0
"TACATAGGCATACACC-1",0.666666666666667,0,0.0833333333333333,0,0.0833333333333333,0.166666666666667
"TACATTTCTAACGTGC-1",0.5,0.166666666666667,0.333333333333333,0,0,0
"TACCAATAAAGTACCA-1",0.333333333333333,0,0.5,0,0.0833333333333333,0.0833333333333333
"TACCGCGGACTTGCAG-1",0.583333333333333,0,0.166666666666667,0,0.166666666666667,0.0833333333333333
"TACCGGCTCACTGCCC-1",0.666666666666667,0,0.166666666666667,0,0.166666666666667,0
"TACCGTGCCTCGGACC-1",0.5,0.0833333333333333,0.333333333333333,0,0.0833333333333333,0
"TACGAACACGACTTCA-1",0.5,0.0833333333333333,0.166666666666667,0,0.166666666666667,0.0833333333333333
"TACGACTGCCTCTTAG-1",0.583333333333333,0.0833333333333333,0.25,0,0,0.0833333333333333
"TACGCAGTTCTTTCCT-1",0.5,0.0833333333333333,0.25,0,0.166666666666667,0
"TACGCTATAGAAACCT-1",0.333333333333333,0.0833333333333333,0.416666666666667,0.166666666666667,0,0
"TACTTGTTAGTAGTCC-1",0.416666666666667,0.166666666666667,0.333333333333333,0,0.0833333333333333,0
"TACTTTACTGAGCCGG-1",0.583333333333333,0.0833333333333333,0.166666666666667,0.0833333333333333,0.0833333333333333,0
"TAGAAAGGTGGCGCTA-1",0.666666666666667,0.166666666666667,0.166666666666667,0,0,0
"TAGACGCCCGTACCGG-1",0.5,0,0.333333333333333,0,0.166666666666667,0
"TAGAGTCTAAGCGAAC-1",0.583333333333333,0,0.333333333333333,0,0.0833333333333333,0
"TAGCCATTTCAAAGTC-1",0.166666666666667,0.166666666666667,0.166666666666667,0,0.416666666666667,0.0833333333333333
"TAGCCGGCGGTCAGCG-1",0.166666666666667,0.25,0.416666666666667,0,0.166666666666667,0
"TAGCGTCCGGTGTGGT-1",0.416666666666667,0.166666666666667,0.333333333333333,0,0.0833333333333333,0
"TAGCGTTGGGTCTTAC-1",0.5,0.0833333333333333,0.333333333333333,0,0.0833333333333333,0
"TAGCTAAGTCCGGGAG-1",0.666666666666667,0.166666666666667,0,0,0.0833333333333333,0.0833333333333333
"TAGGCATGTTACGCCA-1",0.666666666666667,0.0833333333333333,0.166666666666667,0,0.0833333333333333,0
"TAGGGAGCTTGGGATG-1",0.5,0,0.416666666666667,0.0833333333333333,0,0
"TAGGGTGTTTCAAGAG-1",0.75,0,0.166666666666667,0,0.0833333333333333,0
"TAGGTCGCCGGAACTG-1",0.5,0.0833333333333333,0.416666666666667,0,0,0
"TAGGTGCTCGCCTAGC-1",0.666666666666667,0.166666666666667,0.0833333333333333,0,0.0833333333333333,0
"TAGGTTCGAGTTCGTC-1",0.5,0.0833333333333333,0.416666666666667,0,0,0
"TAGTCCGCAGAGAATG-1",0.416666666666667,0.25,0.25,0,0.0833333333333333,0
"TAGTGCCCTCCAGAGT-1",0.416666666666667,0.25,0.25,0,0.0833333333333333,0
"TATACACAGACGCCTT-1",0.583333333333333,0.166666666666667,0.166666666666667,0,0,0.0833333333333333
"TATACGCGTCATCACT-1",0.5,0,0.333333333333333,0,0,0.166666666666667
"TATAGATGGTCGCAGT-1",0.583333333333333,0,0.333333333333333,0,0.0833333333333333,0
"TATATCCCTGGGAGGA-1",0.666666666666667,0.0833333333333333,0.166666666666667,0,0.0833333333333333,0
"TATCCAATTGGTTATC-1",0.333333333333333,0.166666666666667,0.166666666666667,0.0833333333333333,0.166666666666667,0.0833333333333333
"TATCTACCACAGCGGG-1",0.583333333333333,0.0833333333333333,0.333333333333333,0,0,0
"TATGCTCCCTACTTAC-1",0.75,0,0.166666666666667,0,0.0833333333333333,0
"TATGGATGTGCTACGC-1",0.416666666666667,0.0833333333333333,0.333333333333333,0,0,0.166666666666667
"TATGGGACCGAGCAGG-1",0.333333333333333,0,0.5,0,0.0833333333333333,0.0833333333333333
"TATGGGTACGTATCGT-1",0.583333333333333,0,0.333333333333333,0,0,0.0833333333333333
"TATGGTCTGAGTAACA-1",0.666666666666667,0,0.25,0,0,0.0833333333333333
"TATGTCTCATTGTGCC-1",0.416666666666667,0.25,0.166666666666667,0,0.0833333333333333,0.0833333333333333
"TATTACCATCCTGCTT-1",0.25,0.0833333333333333,0.583333333333333,0,0.0833333333333333,0
"TATTCAATTCTAATCC-1",0.75,0,0.0833333333333333,0,0.0833333333333333,0.0833333333333333
"TATTCCGAGCTGTTAT-1",0.583333333333333,0.0833333333333333,0.333333333333333,0,0,0
"TATTCGTGCCAGAATA-1",0.666666666666667,0,0.25,0.0833333333333333,0,0
"TCAAACAACCGCGTCG-1",0.5,0.25,0.25,0,0,0
"TCAAACTTAGATTGTT-1",0.5,0.166666666666667,0.25,0,0,0.0833333333333333
"TCAAATTTGAGACTCA-1",0.583333333333333,0.166666666666667,0.25,0,0,0
"TCAACCATGTTCGGGC-1",0.416666666666667,0.0833333333333333,0.416666666666667,0,0.0833333333333333,0
"TCACCCTCTTAAGATT-1",0.5,0.0833333333333333,0.333333333333333,0,0.0833333333333333,0
"TCACCGCTCGGCACTC-1",0.5,0,0.25,0,0.166666666666667,0.0833333333333333
"TCACGCATTGTAGATC-1",0.666666666666667,0.0833333333333333,0.0833333333333333,0,0.0833333333333333,0.0833333333333333
"TCACGTGCCCGATTCA-1",0.666666666666667,0.166666666666667,0.166666666666667,0,0,0
"TCAGACGCTATAGAAG-1",0.5,0.0833333333333333,0.333333333333333,0,0.0833333333333333,0
"TCAGCAAATGCATCTC-1",0.583333333333333,0.166666666666667,0.0833333333333333,0.0833333333333333,0.0833333333333333,0
"TCAGGGTGTAACGTAA-1",0.583333333333333,0,0.166666666666667,0,0.25,0
"TCATTTAAGTCTCCGA-1",0.583333333333333,0.166666666666667,0.166666666666667,0.0833333333333333,0,0
"TCCACTTTATCTAGGT-1",0.666666666666667,0.0833333333333333,0.166666666666667,0,0.0833333333333333,0
"TCCAGAGCACCGGTTC-1",0.75,0.25,0,0,0,0
"TCCAGGCGAGTACGGT-1",0.583333333333333,0,0.416666666666667,0,0,0
"TCCCAAAGACGAAGGA-1",0.75,0,0.166666666666667,0,0.0833333333333333,0
"TCCCAGCTTTAGTCTG-1",0.5,0.0833333333333333,0.166666666666667,0,0.25,0
"TCCCGCGTACTCCTGG-1",0.666666666666667,0.0833333333333333,0.25,0,0,0
"TCCCGTCAGTCCCGCA-1",0.583333333333333,0.0833333333333333,0.25,0,0.0833333333333333,0
"TCCGATGACTGAGCTC-1",0.5,0.166666666666667,0.25,0.0833333333333333,0,0
"TCCGATGGTGCGACAT-1",0.416666666666667,0.0833333333333333,0.166666666666667,0,0.25,0.0833333333333333
"TCCGCCTGTCTACAAG-1",0.5,0,0.25,0,0.166666666666667,0.0833333333333333
"TCCGCGGCAGCATCTG-1",0.333333333333333,0.166666666666667,0.25,0,0.166666666666667,0.0833333333333333
"TCCGCTTATCCCATTA-1",0.416666666666667,0,0.416666666666667,0,0.166666666666667,0
"TCCGGCCTAGCGTACA-1",0.5,0.0833333333333333,0.25,0,0.0833333333333333,0.0833333333333333
"TCCGTTTAGCCTTGAA-1",0.5,0.166666666666667,0.333333333333333,0,0,0
"TCCTAAATTGGGAAGC-1",0.583333333333333,0,0.166666666666667,0,0.25,0
"TCCTACATCCACGGCC-1",0.333333333333333,0,0.583333333333333,0,0,0.0833333333333333
"TCCTCGGGCTGGGCTT-1",0.666666666666667,0.0833333333333333,0.166666666666667,0,0.0833333333333333,0
"TCCTTTCTTACGCTTA-1",0.583333333333333,0,0.333333333333333,0.0833333333333333,0,0
"TCGAGACCAACACCGT-1",0.666666666666667,0.166666666666667,0.166666666666667,0,0,0
"TCGCAAAGATGCATTT-1",0.75,0.166666666666667,0.0833333333333333,0,0,0
"TCGCACCAGGAGGCAG-1",0.833333333333333,0,0.0833333333333333,0,0,0.0833333333333333
"TCGCCGGTCGATCCGT-1",0.583333333333333,0,0.416666666666667,0,0,0
"TCGCTCGATATATTCC-1",0.5,0.166666666666667,0.25,0,0.0833333333333333,0
"TCGCTGGGCGGATTGT-1",0.75,0.0833333333333333,0.166666666666667,0,0,0
"TCGCTTTAAACGTTTG-1",0.5,0.0833333333333333,0.333333333333333,0,0,0.0833333333333333
"TCGGACGCCCAGCCCA-1",0.25,0.25,0.25,0,0.166666666666667,0.0833333333333333
"TCGGAGTACATGAGTA-1",0.333333333333333,0.25,0.25,0,0.0833333333333333,0.0833333333333333
"TCGGGAGACAGCGTAC-1",0.666666666666667,0.0833333333333333,0.166666666666667,0,0.0833333333333333,0
"TCGGGCCGTCGTGGTA-1",0.416666666666667,0.0833333333333333,0.333333333333333,0,0.0833333333333333,0.0833333333333333
"TCGTAAGACGACATTG-1",0.5,0,0.416666666666667,0,0,0.0833333333333333
"TCGTCTTAGGCGTTAA-1",0.5,0.166666666666667,0.25,0,0.0833333333333333,0
"TCTACCGTCCACAAGC-1",0.5,0,0.333333333333333,0,0,0.166666666666667
"TCTAGCATGCCCAGAA-1",0.666666666666667,0,0.25,0,0.0833333333333333,0
"TCTAGGTGGCGACGCT-1",0.666666666666667,0.0833333333333333,0.25,0,0,0
"TCTAGTGATATCGTGG-1",0.75,0,0.25,0,0,0
"TCTAGTTATCAGAAGA-1",0.5,0.0833333333333333,0.333333333333333,0,0.0833333333333333,0
"TCTATCGGTCGCAACA-1",0.416666666666667,0.0833333333333333,0.416666666666667,0.0833333333333333,0,0
"TCTCATGAGATAGGGT-1",0.416666666666667,0.333333333333333,0.0833333333333333,0,0.166666666666667,0
"TCTCCCTGGGCAGCGT-1",0.416666666666667,0,0.5,0,0.0833333333333333,0
"TCTGAAGCACGTGGTC-1",0.416666666666667,0.166666666666667,0.25,0,0.166666666666667,0
"TCTGAATTCCGTACAA-1",0.5,0.0833333333333333,0.333333333333333,0,0.0833333333333333,0
"TCTGATGTATTCTGTC-1",0.583333333333333,0.25,0.0833333333333333,0.0833333333333333,0,0
"TCTGCCAGAAACTGCA-1",0.583333333333333,0.166666666666667,0.0833333333333333,0,0.0833333333333333,0.0833333333333333
"TCTGGGAACCTTTGAA-1",0.583333333333333,0.0833333333333333,0.25,0,0,0.0833333333333333
"TCTGTGCCATCATAGT-1",0.5,0.166666666666667,0.25,0,0.0833333333333333,0
"TCTTACTTATGCCTCT-1",0.583333333333333,0.0833333333333333,0.25,0,0,0.0833333333333333
"TCTTAGAGTGAACTCT-1",0.75,0.0833333333333333,0.0833333333333333,0,0.0833333333333333,0
"TCTTCCCATGGGCACA-1",0.5,0.166666666666667,0.25,0,0.0833333333333333,0
"TCTTCGAATAGACGTT-1",0.333333333333333,0.166666666666667,0.166666666666667,0.0833333333333333,0.166666666666667,0.0833333333333333
"TCTTCGATACCAATAA-1",0.416666666666667,0.0833333333333333,0.416666666666667,0,0.0833333333333333,0
"TCTTGATGCGTAGCGA-1",0.583333333333333,0.166666666666667,0.166666666666667,0.0833333333333333,0,0
"TCTTGGTAACACCAAA-1",0.75,0.0833333333333333,0.166666666666667,0,0,0
"TCTTTAAGACTATGAA-1",0.583333333333333,0.0833333333333333,0.333333333333333,0,0,0
"TGAAAGGACCTGACTC-1",0.333333333333333,0.166666666666667,0.416666666666667,0,0,0.0833333333333333
"TGACATCGAGCGGACC-1",0.5,0.166666666666667,0.333333333333333,0,0,0
"TGACGATGCACTAGAA-1",0.833333333333333,0.0833333333333333,0.0833333333333333,0,0,0
"TGACTATAATCCTTTC-1",0.5,0.0833333333333333,0.166666666666667,0.0833333333333333,0.166666666666667,0
"TGAGAGATTTACCACG-1",0.5,0.25,0.166666666666667,0,0.0833333333333333,0
"TGAGCGGAAAGTGTTC-1",0.666666666666667,0.0833333333333333,0.25,0,0,0
"TGAGTGGTCCGTGACG-1",0.416666666666667,0.0833333333333333,0.5,0,0,0
"TGATCGGTTTGACCCT-1",0.666666666666667,0,0.25,0,0,0.0833333333333333
"TGATCTCCGGCGCCAG-1",0.75,0,0.166666666666667,0,0,0.0833333333333333
"TGCAAGAATGACGTAA-1",0.5,0.25,0.166666666666667,0,0,0.0833333333333333
"TGCAGGATCGGCAAAG-1",0.416666666666667,0.25,0.166666666666667,0,0.166666666666667,0
"TGCAGTTTCCTCCCAT-1",0.416666666666667,0.166666666666667,0.416666666666667,0,0,0
"TGCATATGTCTGTCAC-1",0.416666666666667,0.166666666666667,0.333333333333333,0,0.0833333333333333,0
"TGCATGTGGTAATCTA-1",0.75,0.0833333333333333,0.166666666666667,0,0,0
"TGCCAGTACGTGGAGA-1",0.5,0.25,0.25,0,0,0
"TGCCCGTACCGTTAAA-1",0.666666666666667,0.166666666666667,0.166666666666667,0,0,0
"TGCCGTGGATCGTCCT-1",0.5,0.166666666666667,0.25,0,0.0833333333333333,0
"TGCCTGATCAAACGAT-1",0.666666666666667,0.0833333333333333,0.166666666666667,0,0,0.0833333333333333
"TGCCTTGGCCAGGCAA-1",0.583333333333333,0.0833333333333333,0.25,0,0,0.0833333333333333
"TGCGCAAAGCATTTGG-1",0.583333333333333,0.0833333333333333,0.25,0,0.0833333333333333,0
"TGCGGAGTAAAGGTGC-1",0.416666666666667,0.0833333333333333,0.166666666666667,0,0.333333333333333,0
"TGCGTTTGTTGACACT-1",0.75,0,0.25,0,0,0
"TGCTGTTGAAGAACTC-1",0.583333333333333,0.0833333333333333,0.25,0,0,0.0833333333333333
"TGGAAGGATAAAGATG-1",0.416666666666667,0.0833333333333333,0.416666666666667,0,0.0833333333333333,0
"TGGACTGTTCGCTCAA-1",0.416666666666667,0,0.416666666666667,0,0.166666666666667,0
"TGGCAAACTAAATTAC-1",0.416666666666667,0.333333333333333,0.166666666666667,0,0,0.0833333333333333
"TGGCAGATTACGATCA-1",0.25,0.333333333333333,0.333333333333333,0,0.0833333333333333,0
"TGGCAGCAGTAATAGT-1",0.416666666666667,0.166666666666667,0.25,0,0,0.166666666666667
"TGGCCAAACTGAAGTA-1",0.416666666666667,0.0833333333333333,0.416666666666667,0,0,0.0833333333333333
"TGGTCCCACGCTACGG-1",0.416666666666667,0.0833333333333333,0.333333333333333,0.166666666666667,0,0
"TGGTTCAACGGGTAAT-1",0.416666666666667,0.333333333333333,0.25,0,0,0
"TGGTTCGTAGCAAAGG-1",0.666666666666667,0.0833333333333333,0.166666666666667,0,0.0833333333333333,0
"TGTACGAACAAATCCG-1",0.75,0,0.25,0,0,0
"TGTAGGAGAAATTTCC-1",0.583333333333333,0.0833333333333333,0.25,0,0,0.0833333333333333
"TGTATAACAGATCCTG-1",0.5,0.0833333333333333,0.25,0,0.166666666666667,0
"TGTATGGCGCAGACAG-1",0.666666666666667,0.0833333333333333,0.166666666666667,0,0.0833333333333333,0
"TGTGACTACGCCAGTC-1",0.666666666666667,0,0.25,0,0.0833333333333333,0
"TGTGGCAAAGCGTATG-1",0.416666666666667,0.0833333333333333,0.5,0,0,0
"TGTTATTGTATGTGGC-1",0.833333333333333,0.0833333333333333,0.0833333333333333,0,0,0
"TGTTCGTATTGCGGTG-1",0.75,0,0,0,0.25,0
"TGTTGTCAAGAAGTCT-1",0.5,0.0833333333333333,0.25,0.0833333333333333,0.0833333333333333,0
"TTAAACTCGAATTCAT-1",0.5,0.0833333333333333,0.166666666666667,0,0.25,0
"TTAATGTAGACCAGGT-1",0.416666666666667,0.25,0.333333333333333,0,0,0
"TTACAACTACGCATCC-1",0.75,0,0.0833333333333333,0,0.0833333333333333,0.0833333333333333
"TTACGGATGGTTCGAG-1",0.5,0.0833333333333333,0.25,0,0.0833333333333333,0.0833333333333333
"TTACTAAAGGACTTTA-1",0.25,0.0833333333333333,0.583333333333333,0,0.0833333333333333,0
"TTACTCCGGCCGGGAA-1",0.583333333333333,0.166666666666667,0.25,0,0,0
"TTAGAAGAACATGACT-1",0.416666666666667,0.166666666666667,0.25,0.0833333333333333,0,0.0833333333333333
"TTAGACGAGTCACCTC-1",0.666666666666667,0.166666666666667,0.166666666666667,0,0,0
"TTAGAGTTTAGAAGGA-1",0.75,0.0833333333333333,0,0,0.0833333333333333,0.0833333333333333
"TTAGCTGATTTGCCGT-1",0.583333333333333,0.166666666666667,0.25,0,0,0
"TTATATACGCTGTCAC-1",0.666666666666667,0.0833333333333333,0.166666666666667,0.0833333333333333,0,0
"TTATATTTGGCAATCC-1",0.416666666666667,0.25,0.166666666666667,0,0,0.166666666666667
"TTATCCGGGATCTATA-1",0.416666666666667,0,0.416666666666667,0,0.0833333333333333,0.0833333333333333
"TTATCTGTATCATAAC-1",0.166666666666667,0.0833333333333333,0.5,0.0833333333333333,0.166666666666667,0
"TTATGAATGAAAGGGA-1",0.416666666666667,0.166666666666667,0.25,0,0.0833333333333333,0.0833333333333333
"TTATGATCTTAACGAA-1",0.75,0.0833333333333333,0.0833333333333333,0.0833333333333333,0,0
"TTATTAGAGCGTGTTC-1",0.333333333333333,0.166666666666667,0.166666666666667,0,0.25,0.0833333333333333
"TTCAAAGTCTCTAGCC-1",0.5,0.0833333333333333,0.416666666666667,0,0,0
"TTCAATACTCTGAATC-1",0.416666666666667,0.166666666666667,0.166666666666667,0,0.166666666666667,0.0833333333333333
"TTCACGAAAGGATCAC-1",0.583333333333333,0,0.333333333333333,0,0,0.0833333333333333
"TTCACTCGAGCACCTA-1",0.75,0.166666666666667,0.0833333333333333,0,0,0
"TTCAGCCCTGGTCCAC-1",0.5,0.166666666666667,0.0833333333333333,0,0.25,0
"TTCATGGCGCAACAGG-1",0.5,0.25,0.166666666666667,0,0,0.0833333333333333
"TTCCGCGTGAGGCGAT-1",0.75,0,0.166666666666667,0,0,0.0833333333333333
"TTCCGGTTACCCACTT-1",0.583333333333333,0.25,0.0833333333333333,0,0.0833333333333333,0
"TTCCTCGGACTAACCA-1",0.416666666666667,0,0.416666666666667,0,0.166666666666667,0
"TTCGACAGAGCCCGTG-1",0.5,0,0.416666666666667,0,0.0833333333333333,0
"TTCGGGACTAATCGCG-1",0.5,0.0833333333333333,0.25,0,0,0.166666666666667
"TTCTAACCGAAGCTTA-1",0.666666666666667,0.0833333333333333,0.166666666666667,0,0,0.0833333333333333
"TTCTGACCGGGCTCAA-1",0.5,0,0.333333333333333,0,0.166666666666667,0
"TTCTGCCGCGCCTAGA-1",0.5,0.0833333333333333,0.25,0,0.0833333333333333,0.0833333333333333
"TTCTGCGGGTTAGCGG-1",0.25,0.166666666666667,0.25,0,0.0833333333333333,0.25
"TTGAAGAATTCCCAGG-1",0.666666666666667,0.166666666666667,0,0,0.166666666666667,0
"TTGAATATGGACTTTC-1",0.416666666666667,0.25,0.166666666666667,0,0.166666666666667,0
"TTGAATTCACGTGAGG-1",0.416666666666667,0.166666666666667,0.333333333333333,0,0.0833333333333333,0
"TTGACCATGTTCTCCG-1",0.583333333333333,0.0833333333333333,0.166666666666667,0.0833333333333333,0,0.0833333333333333
"TTGACGCTCCATGAGC-1",0.5,0,0.333333333333333,0,0.166666666666667,0
"TTGCACGGAGCAGCAC-1",0.333333333333333,0.333333333333333,0.0833333333333333,0,0,0.25
"TTGCTCCCATACCGGA-1",0.75,0.166666666666667,0,0,0.0833333333333333,0
"TTGCTGATCATGTTCG-1",0.5,0.166666666666667,0.333333333333333,0,0,0
"TTGGGACACTGCCCGC-1",0.583333333333333,0.0833333333333333,0.333333333333333,0,0,0
"TTGGGCGGCGGTTGCC-1",0.833333333333333,0,0.0833333333333333,0,0.0833333333333333,0
"TTGTAAGGCCAGTTGG-1",0.416666666666667,0.25,0.25,0,0.0833333333333333,0
"TTGTAATCCGTACTCG-1",0.333333333333333,0.25,0.333333333333333,0,0,0.0833333333333333
"TTGTCGTTCAGTTACC-1",0.333333333333333,0.166666666666667,0.416666666666667,0,0.0833333333333333,0
"TTGTTCAGTGTGCTAC-1",0.666666666666667,0.0833333333333333,0.0833333333333333,0,0.166666666666667,0
"TTGTTGTGTGTCAAGA-1",0.333333333333333,0,0.5,0,0,0.166666666666667
